CustomerID,CustomerName,Email,PhoneNumber,Address,Country
1,Karen Kim,ryanblack@example.org,+1-961-417-9958,"261 Hicks Tunnel, North Theresaburgh, GA 99492",Canada
2,Tonya Jimenez,vcollins@example.com,(291)334-3524x59992,"156 Simmons Field, Jontown, OK 94980",Germany
3,Seth Parker,victor94@example.net,+1-236-836-9744x2086,"3450 Lopez Alley Apt. 600, Gravesburgh, MS 99001",Falkland Islands (Malvinas)
4,Luis Walker,connie38@example.org,(356)529-1843x40581,"83704 William Lane, Brandonmouth, VA 24275",Burundi
5,Michael Richardson,gordonbrianna@example.net,5308428788,"2640 Rogers Stream Apt. 291, South Laurietown, HI 25441",Rwanda
6,Sarah Reynolds,johnsonlacey@example.com,+1-633-274-5125,"0323 Bell Roads Suite 146, Katelynmouth, LA 82367",Turks and Caicos Islands
7,Susan Jordan,eric80@example.com,(546)754-6997x6288,"008 Singh Mount, Maryville, MH 32813",Marshall Islands
8,Mark Rodriguez,williamslisa@example.org,5563545910,"69167 Johnson Manor Apt. 165, Port John, SC 14835",Sweden
9,Joanne Johnston,molinashawn@example.net,001-258-446-6612x46420,"8922 Matthew Squares, West Randall, CO 02552",Bolivia
10,Cindy Lee,morenoalyssa@example.net,426-309-5947,"17330 Brandon Corner Apt. 072, Lake Shanetown, ID 10527",Uruguay
11,Lori Nelson,eric80@example.com,(508)371-9042,"11241 Castro Pike, South Stephenland, MN 76778",Sweden
12,Rhonda Randall,morenoalyssa@example.net,921-892-4496x00069,"3450 Lopez Alley Apt. 600, Gravesburgh, MS 99001",Rwanda
13,Joanne Johnston,gordonbrianna@example.net,001-258-446-6612x46420,"7400 Pitts Manors, South Kevinside, MD 69709",Marshall Islands
14,Tracy Phillips,williamslisa@example.org,001-317-987-8721x2167,"008 Singh Mount, Maryville, MH 32813",USA
15,Susan Alvarez,ryanblack@example.org,001-667-312-4526x273,"77542 Everett Ways, Candiceside, SD 06872",Sweden
16,Christina Sheppard,michael65@example.net,001-403-757-1987x9936,"156 Simmons Field, Jontown, OK 94980",Rwanda
17,Karen Richardson,sarah83@example.net,760.875.6448x4442,"11241 Castro Pike, South Stephenland, MN 76778",Canada
18,Robert Blake,sarah83@example.net,001-317-987-8721x2167,"9619 Lynch Cliff Suite 471, New Steventown, NJ 78824",Sweden
19,Connie Maldonado,nashzachary@example.org,2855259524,"87022 Johnson Shoal, New William, MN 25189",USA
20,Brian Butler,williamslisa@example.org,426-309-5947,"00969 Jeffrey Rest, New Melissa, IL 11605",Uruguay
21,Joseph Farley,camachodanielle@example.net,001-667-312-4526x273,"2640 Rogers Stream Apt. 291, South Laurietown, HI 25441",Canada
22,Michael Smith,butlerashley@example.com,+1-986-224-5210x1547,"3450 Lopez Alley Apt. 600, Gravesburgh, MS 99001",Burundi
23,Jake Myers,johnsonlacey@example.com,(291)334-3524x59992,"792 Jeffrey Rest, Paulville, NV 73800",Uruguay
24,Ricky Luna,lisacaldwell@example.net,+1-986-224-5210x1547,"2640 Rogers Stream Apt. 291, South Laurietown, HI 25441",Bolivia
25,Edward Cohen,camachodanielle@example.net,001-244-990-0401,"69167 Johnson Manor Apt. 165, Port John, SC 14835",Uruguay
26,Alexander Davis,thomasmanning@example.com,+1-297-445-1067x559,"5295 Mark Circles, North Timothy, PW 08588",Burundi
27,Angela Mayo,gregorytara@example.org,410.352.4931x367,"98705 John Ridge Suite 589, Greenburgh, PW 43873",Turks and Caicos Islands
28,Richard Chambers,joseph28@example.org,001-667-312-4526x273,"PSC 2779, Box 0551, APO AE 22384",Uruguay
29,Benjamin Cardenas,ryanblack@example.org,410.352.4931x367,"261 Hicks Tunnel, North Theresaburgh, GA 99492",Uruguay
30,Alexander Fisher,tammy74@example.org,410.352.4931x367,"Unit 5425 Box 1276, DPO AP 05525",Burundi
31,William Juarez DVM,johnsonlacey@example.com,+1-297-445-1067x559,"008 Singh Mount, Maryville, MH 32813",Sweden
32,Christopher Ross,ryanblack@example.org,+1-236-836-9744x2086,"11241 Castro Pike, South Stephenland, MN 76778",Sweden
33,Maria Coleman,butlerashley@example.com,+1-986-224-5210x1547,"98705 John Ridge Suite 589, Greenburgh, PW 43873",Falkland Islands (Malvinas)
34,Jordan Freeman,williamslisa@example.org,001-317-987-8721x2167,"5295 Mark Circles, North Timothy, PW 08588",Uruguay
35,Jason Ruiz,xvega@example.com,+1-427-664-8006x64456,"3450 Lopez Alley Apt. 600, Gravesburgh, MS 99001",Burundi
36,Andrea Hill,butlerashley@example.com,(356)529-1843x40581,"77542 Everett Ways, Candiceside, SD 06872",Turks and Caicos Islands
37,Isaac Bowen,butlerashley@example.com,001-317-987-8721x2167,"Unit 5425 Box 1276, DPO AP 05525",Uruguay
38,Richard Huffman,thomasmanning@example.com,404-443-0141x37488,"9619 Lynch Cliff Suite 471, New Steventown, NJ 78824",Sweden
39,Sarah Jackson,eddie15@example.org,659-432-8537x00214,"9511 Adams Ramp Apt. 470, West Jonathan, IL 92318",United States Virgin Islands
40,Matthew Young,angelafisher@example.net,(285)820-8417,"0323 Bell Roads Suite 146, Katelynmouth, LA 82367",Canada
41,Douglas Lewis,victor94@example.net,+1-961-417-9958,"05110 Shawn Cliff, New Kelly, UT 93014",Rwanda
42,Steven Copeland,eric80@example.com,+1-295-363-9178,"156 Simmons Field, Jontown, OK 94980",Germany
43,Douglas Lee,ryangonzalez@example.com,+1-297-445-1067x559,"87022 Johnson Shoal, New William, MN 25189",Marshall Islands
44,Timothy Hudson,johnsonlacey@example.com,(546)754-6997x6288,"9511 Adams Ramp Apt. 470, West Jonathan, IL 92318",Uruguay
45,Andrew Larsen,gordonbrianna@example.net,+1-297-445-1067x559,"00969 Jeffrey Rest, New Melissa, IL 11605",Falkland Islands (Malvinas)
46,Antonio Garcia,williamslisa@example.org,404-443-0141x37488,"5295 Mark Circles, North Timothy, PW 08588",Turks and Caicos Islands
47,Rachael Harris,sarah83@example.net,+1-758-578-8333x570,"83704 William Lane, Brandonmouth, VA 24275",Bolivia
48,Edward Newman,ryanblack@example.org,(546)754-6997x6288,"0323 Bell Roads Suite 146, Katelynmouth, LA 82367",Germany
49,Angela Perez,thomasmanning@example.com,(508)371-9042,"PSC 2521, Box 6068, APO AA 82230",Burundi
50,Ruben Bauer,joseph28@example.org,2855259524,"583 Estrada Valley, Rayberg, MH 82801",Marshall Islands
51,Joseph Farley,ryangonzalez@example.com,5308428788,"77542 Everett Ways, Candiceside, SD 06872",Rwanda
52,Natalie Ali,gordonbrianna@example.net,+1-961-417-9958,"69167 Johnson Manor Apt. 165, Port John, SC 14835",Rwanda
53,Reginald Graham,april58@example.com,2855259524,"3884 Kristen Port Suite 165, East Kevin, CA 14763",Falkland Islands (Malvinas)
54,Steven Lucas,amyspencer@example.org,001-667-312-4526x273,"PSC 2779, Box 0551, APO AE 22384",Falkland Islands (Malvinas)
55,Jerome Williams,vcollins@example.com,+1-758-578-8333x570,"3450 Lopez Alley Apt. 600, Gravesburgh, MS 99001",Germany
56,David Chang,eddie15@example.org,659-432-8537x00214,"3450 Lopez Alley Apt. 600, Gravesburgh, MS 99001",Marshall Islands
57,Steven Lucas,lisacaldwell@example.net,(546)754-6997x6288,"6363 Craig Loaf Apt. 806, West Tammy, MH 53597",Germany
58,Thomas Finley,victor94@example.net,(285)820-8417,"77542 Everett Ways, Candiceside, SD 06872",Burundi
59,Steven Stevenson,nashzachary@example.org,+1-633-274-5125,"PSC 2521, Box 6068, APO AA 82230",Bolivia
60,Rhonda Randall,angelafisher@example.net,538-284-3333,"51461 Hayes Crossing, Montgomeryburgh, ID 91795",Germany
61,James White,ryanblack@example.org,+1-758-578-8333x570,"9619 Lynch Cliff Suite 471, New Steventown, NJ 78824",Rwanda
62,Pamela Pollard,xvega@example.com,659-432-8537x00214,"69167 Johnson Manor Apt. 165, Port John, SC 14835",Bolivia
63,Jake Myers,amyspencer@example.org,+1-633-274-5125,"69167 Johnson Manor Apt. 165, Port John, SC 14835",United States Virgin Islands
64,Shaun Robinson,morenoalyssa@example.net,659-432-8537x00214,"9619 Lynch Cliff Suite 471, New Steventown, NJ 78824",Turks and Caicos Islands
65,Paul Anderson,camachodanielle@example.net,538-284-3333,"261 Hicks Tunnel, North Theresaburgh, GA 99492",Rwanda
66,Brian Butler,gordonbrianna@example.net,659-432-8537x00214,"83704 William Lane, Brandonmouth, VA 24275",Turks and Caicos Islands
67,Mark Tran,michael65@example.net,001-667-312-4526x273,"USNS Watts, FPO AA 12940",Uruguay
68,Matthew Young,vcollins@example.com,001-667-312-4526x273,"05110 Shawn Cliff, New Kelly, UT 93014",Canada
69,Jade Chase,moorechad@example.com,(285)820-8417,"3450 Lopez Alley Apt. 600, Gravesburgh, MS 99001",Uruguay
70,Cynthia Porter,eric80@example.com,001-317-987-8721x2167,"0323 Bell Roads Suite 146, Katelynmouth, LA 82367",Rwanda
71,Isaac Bowen,april58@example.com,5563545910,"792 Jeffrey Rest, Paulville, NV 73800",Sweden
72,Kristin Scott,xvega@example.com,+1-758-578-8333x570,"261 Hicks Tunnel, North Theresaburgh, GA 99492",Turks and Caicos Islands
73,Brenda Lewis,angelafisher@example.net,426-309-5947,"USNS Watts, FPO AA 12940",Bolivia
74,Thomas Rhodes,johnsonlacey@example.com,426-309-5947,"0323 Bell Roads Suite 146, Katelynmouth, LA 82367",Rwanda
75,Matthew Wilson,lisacaldwell@example.net,001-258-446-6612x46420,"2640 Rogers Stream Apt. 291, South Laurietown, HI 25441",Germany
76,Paul Anderson,williamslisa@example.org,(291)334-3524x59992,"0323 Bell Roads Suite 146, Katelynmouth, LA 82367",Rwanda
77,Alexis Noble,victor94@example.net,2855259524,"77542 Everett Ways, Candiceside, SD 06872",Germany
78,Jessica Johnson,moorechad@example.com,426-309-5947,"3450 Lopez Alley Apt. 600, Gravesburgh, MS 99001",Rwanda
79,Tiffany Macias,butlerashley@example.com,001-258-446-6612x46420,"Unit 5425 Box 1276, DPO AP 05525",Marshall Islands
80,Matthew Friedman,moorechad@example.com,+1-986-224-5210x1547,"83704 William Lane, Brandonmouth, VA 24275",Turks and Caicos Islands
81,Melissa Bailey,duane33@example.com,760.875.6448x4442,"7400 Pitts Manors, South Kevinside, MD 69709",USA
82,Carla Chase,michael65@example.net,+1-427-664-8006x64456,"17330 Brandon Corner Apt. 072, Lake Shanetown, ID 10527",Turks and Caicos Islands
83,Jamie Moyer,lisacaldwell@example.net,+1-986-224-5210x1547,"77542 Everett Ways, Candiceside, SD 06872",Rwanda
84,Andrew Miller,april58@example.com,659-432-8537x00214,"87022 Johnson Shoal, New William, MN 25189",Rwanda
85,Joel Gonzalez,sarah83@example.net,860.781.1056x058,"156 Simmons Field, Jontown, OK 94980",Rwanda
86,Amy Turner,morenoalyssa@example.net,+1-986-224-5210x1547,"PSC 2521, Box 6068, APO AA 82230",Sweden
87,Laura Perez,ryangonzalez@example.com,921-892-4496x00069,"8922 Matthew Squares, West Randall, CO 02552",United States Virgin Islands
88,Joel Gonzalez,victor94@example.net,410.352.4931x367,"2640 Rogers Stream Apt. 291, South Laurietown, HI 25441",Sweden
89,Kathryn Walsh,sarah83@example.net,001-667-312-4526x273,"9511 Adams Ramp Apt. 470, West Jonathan, IL 92318",United States Virgin Islands
90,Megan Bradley,molinashawn@example.net,001-667-312-4526x273,"PSC 2521, Box 6068, APO AA 82230",Uruguay
91,Samuel Maxwell,michael65@example.net,+1-427-664-8006x64456,"05110 Shawn Cliff, New Kelly, UT 93014",Marshall Islands
92,Thomas Williams,ryanblack@example.org,+1-236-836-9744x2086,"77542 Everett Ways, Candiceside, SD 06872",United States Virgin Islands
93,Courtney Roach,tammy74@example.org,+1-236-836-9744x2086,"00969 Jeffrey Rest, New Melissa, IL 11605",Marshall Islands
94,Monica Pierce,amyspencer@example.org,(508)371-9042,"69167 Johnson Manor Apt. 165, Port John, SC 14835",Falkland Islands (Malvinas)
95,Kristin Scott,butlerashley@example.com,538-284-3333,"0323 Bell Roads Suite 146, Katelynmouth, LA 82367",Marshall Islands
96,Erica Bryant,gregorytara@example.org,659-432-8537x00214,"69167 Johnson Manor Apt. 165, Port John, SC 14835",Sweden
97,Michael Smith,camachodanielle@example.net,+1-986-224-5210x1547,"51461 Hayes Crossing, Montgomeryburgh, ID 91795",Rwanda
98,Christopher Taylor,nashzachary@example.org,001-667-312-4526x273,"8922 Matthew Squares, West Randall, CO 02552",Germany
99,Gregory Carlson,xvega@example.com,5308428788,"05110 Shawn Cliff, New Kelly, UT 93014",Bolivia
100,Benjamin Cardenas,morenoalyssa@example.net,538-284-3333,"83704 William Lane, Brandonmouth, VA 24275",Bolivia
101,Jesse Moreno,ryangonzalez@example.com,+1-427-664-8006x64456,"USNS Watts, FPO AA 12940",Falkland Islands (Malvinas)
102,Jennifer Kim,morenoalyssa@example.net,(356)529-1843x40581,"583 Estrada Valley, Rayberg, MH 82801",Turks and Caicos Islands
103,Sharon Castillo,sarah83@example.net,+1-236-836-9744x2086,"USNS Watts, FPO AA 12940",Sweden
104,Steven Stevenson,molinashawn@example.net,001-258-446-6612x46420,"11241 Castro Pike, South Stephenland, MN 76778",Bolivia
105,Tracy Phillips,xvega@example.com,5308428788,"792 Jeffrey Rest, Paulville, NV 73800",Turks and Caicos Islands
106,Isaac Bowen,ryanblack@example.org,860.781.1056x058,"261 Hicks Tunnel, North Theresaburgh, GA 99492",USA
107,Roy Wolfe,vcollins@example.com,2855259524,"69167 Johnson Manor Apt. 165, Port John, SC 14835",Sweden
108,Thomas Miller,connie38@example.org,+1-758-578-8333x570,"11241 Castro Pike, South Stephenland, MN 76778",United States Virgin Islands
109,Kristin Scott,moorechad@example.com,(291)334-3524x59992,"792 Jeffrey Rest, Paulville, NV 73800",Uruguay
110,Stephen Gonzales,duane33@example.com,(285)820-8417,"Unit 5425 Box 1276, DPO AP 05525",Marshall Islands
111,James Watts,xvega@example.com,(285)820-8417,"05110 Shawn Cliff, New Kelly, UT 93014",Rwanda
112,Shawn Brown,molinashawn@example.net,+1-961-417-9958,"PSC 2779, Box 0551, APO AE 22384",Uruguay
113,Joshua Rodriguez,duane33@example.com,+1-236-836-9744x2086,"17330 Brandon Corner Apt. 072, Lake Shanetown, ID 10527",Sweden
114,Kristin Scott,camachodanielle@example.net,410.352.4931x367,"0323 Bell Roads Suite 146, Katelynmouth, LA 82367",Canada
115,Sara Garza,camachodanielle@example.net,426-309-5947,"9619 Lynch Cliff Suite 471, New Steventown, NJ 78824",Burundi
116,Paul Anderson,camachodanielle@example.net,+1-758-578-8333x570,"261 Hicks Tunnel, North Theresaburgh, GA 99492",Rwanda
117,Denise Harvey,michael65@example.net,5563545910,"11241 Castro Pike, South Stephenland, MN 76778",Canada
118,Joshua Williams,lisacaldwell@example.net,2855259524,"17330 Brandon Corner Apt. 072, Lake Shanetown, ID 10527",Germany
119,Patricia Green,amyspencer@example.org,426-309-5947,"3450 Lopez Alley Apt. 600, Gravesburgh, MS 99001",Falkland Islands (Malvinas)
120,Nicole Gonzalez,morenoalyssa@example.net,(356)529-1843x40581,"0323 Bell Roads Suite 146, Katelynmouth, LA 82367",Sweden
121,Ruben Bauer,williamslisa@example.org,426-309-5947,"9511 Adams Ramp Apt. 470, West Jonathan, IL 92318",Turks and Caicos Islands
122,James Robinson,angelafisher@example.net,426-309-5947,"11241 Castro Pike, South Stephenland, MN 76778",Burundi
123,Rachel Lloyd,michael65@example.net,(508)371-9042,"0323 Bell Roads Suite 146, Katelynmouth, LA 82367",Sweden
124,Barbara Weber,amyspencer@example.org,+1-295-363-9178,"6363 Craig Loaf Apt. 806, West Tammy, MH 53597",USA
125,Chad Lowe,joseph28@example.org,426-309-5947,"2640 Rogers Stream Apt. 291, South Laurietown, HI 25441",Bolivia
126,Joshua Short,bwright@example.com,+1-297-445-1067x559,"792 Jeffrey Rest, Paulville, NV 73800",Uruguay
127,Seth Parker,eric80@example.com,+1-427-664-8006x64456,"83704 William Lane, Brandonmouth, VA 24275",Marshall Islands
128,Daniel Melton,gordonbrianna@example.net,2855259524,"69167 Johnson Manor Apt. 165, Port John, SC 14835",Burundi
129,John Moreno,connie38@example.org,001-317-987-8721x2167,"00969 Jeffrey Rest, New Melissa, IL 11605",Burundi
130,Maria Chan,eddie15@example.org,860.781.1056x058,"PSC 2521, Box 6068, APO AA 82230",Burundi
131,Michael Richardson,angelafisher@example.net,+1-986-224-5210x1547,"98705 John Ridge Suite 589, Greenburgh, PW 43873",Sweden
132,Brenda Mitchell,kennedydouglas@example.com,410.352.4931x367,"9619 Lynch Cliff Suite 471, New Steventown, NJ 78824",Turks and Caicos Islands
133,Nathan Lopez,thomasmanning@example.com,+1-295-363-9178,"3884 Kristen Port Suite 165, East Kevin, CA 14763",Bolivia
134,Laurie Shaw,victor94@example.net,+1-986-224-5210x1547,"9511 Adams Ramp Apt. 470, West Jonathan, IL 92318",United States Virgin Islands
135,Thomas Finley,nashzachary@example.org,+1-295-363-9178,"98705 John Ridge Suite 589, Greenburgh, PW 43873",Uruguay
136,Sharon Castillo,camachodanielle@example.net,(291)334-3524x59992,"0323 Bell Roads Suite 146, Katelynmouth, LA 82367",Germany
137,Joshua Short,nashzachary@example.org,2855259524,"PSC 2521, Box 6068, APO AA 82230",Rwanda
138,Kevin Hancock,vcollins@example.com,404-443-0141x37488,"11241 Castro Pike, South Stephenland, MN 76778",Bolivia
139,Sherri Collins,joseph28@example.org,+1-295-363-9178,"8922 Matthew Squares, West Randall, CO 02552",United States Virgin Islands
140,Kathryn Walsh,joseph28@example.org,001-403-757-1987x9936,"98705 John Ridge Suite 589, Greenburgh, PW 43873",Marshall Islands
141,Joseph Forbes,bwright@example.com,521-333-0306x463,"83704 William Lane, Brandonmouth, VA 24275",Burundi
142,Mark Tran,vcollins@example.com,+1-427-664-8006x64456,"51461 Hayes Crossing, Montgomeryburgh, ID 91795",Germany
143,James Watts,johnsonlacey@example.com,760.875.6448x4442,"3884 Kristen Port Suite 165, East Kevin, CA 14763",Rwanda
144,Michelle Graham,connie38@example.org,659-432-8537x00214,"05110 Shawn Cliff, New Kelly, UT 93014",Bolivia
145,Jeremiah Mcguire,ryangonzalez@example.com,+1-236-836-9744x2086,"USNS Watts, FPO AA 12940",Turks and Caicos Islands
146,Kevin Gonzales,ryanblack@example.org,+1-633-274-5125,"Unit 5425 Box 1276, DPO AP 05525",Marshall Islands
147,Nicole Gonzalez,amyspencer@example.org,5563545910,"0323 Bell Roads Suite 146, Katelynmouth, LA 82367",Falkland Islands (Malvinas)
148,Gary Keller,johnsonlacey@example.com,(546)754-6997x6288,"0323 Bell Roads Suite 146, Katelynmouth, LA 82367",Germany
149,Rachel Lloyd,lisacaldwell@example.net,(291)334-3524x59992,"583 Estrada Valley, Rayberg, MH 82801",United States Virgin Islands
150,Douglas Vazquez,angelafisher@example.net,(508)371-9042,"3450 Lopez Alley Apt. 600, Gravesburgh, MS 99001",Canada
151,David Mitchell,ryangonzalez@example.com,(546)754-6997x6288,"USNS Watts, FPO AA 12940",Marshall Islands
152,Laurie Shaw,williamslisa@example.org,001-667-312-4526x273,"5295 Mark Circles, North Timothy, PW 08588",Burundi
153,Denise Harvey,butlerashley@example.com,(356)529-1843x40581,"6363 Craig Loaf Apt. 806, West Tammy, MH 53597",Falkland Islands (Malvinas)
154,Richard Edwards,victor94@example.net,410.352.4931x367,"83704 William Lane, Brandonmouth, VA 24275",USA
155,Mary Morales,michael65@example.net,(546)754-6997x6288,"69167 Johnson Manor Apt. 165, Port John, SC 14835",Turks and Caicos Islands
156,Susan Carpenter,morenoalyssa@example.net,(508)371-9042,"792 Jeffrey Rest, Paulville, NV 73800",Germany
157,Brandy Vance,gregorytara@example.org,760.875.6448x4442,"05110 Shawn Cliff, New Kelly, UT 93014",Burundi
158,Mary Morales,eddie15@example.org,410.352.4931x367,"7400 Pitts Manors, South Kevinside, MD 69709",Bolivia
159,Dawn Gutierrez,connie38@example.org,001-403-757-1987x9936,"Unit 5425 Box 1276, DPO AP 05525",Burundi
160,Laura Allen,ryanblack@example.org,860.781.1056x058,"PSC 2779, Box 0551, APO AE 22384",United States Virgin Islands
161,Melinda Eaton,eddie15@example.org,(508)371-9042,"5295 Mark Circles, North Timothy, PW 08588",Uruguay
162,Justin Moore,gregorytara@example.org,001-403-757-1987x9936,"8922 Matthew Squares, West Randall, CO 02552",Marshall Islands
163,Antonio Garcia,gordonbrianna@example.net,+1-961-417-9958,"11241 Castro Pike, South Stephenland, MN 76778",Sweden
164,Dana Trevino,amyspencer@example.org,538-284-3333,"77542 Everett Ways, Candiceside, SD 06872",Marshall Islands
165,Mary Stone,johnsonlacey@example.com,+1-236-836-9744x2086,"87022 Johnson Shoal, New William, MN 25189",Sweden
166,Taylor Parks,amyspencer@example.org,5308428788,"USNS Watts, FPO AA 12940",Germany
167,Denise Harvey,gordonbrianna@example.net,(285)820-8417,"11241 Castro Pike, South Stephenland, MN 76778",Falkland Islands (Malvinas)
168,John Martin,vcollins@example.com,538-284-3333,"261 Hicks Tunnel, North Theresaburgh, GA 99492",Turks and Caicos Islands
169,Erin Page DDS,connie38@example.org,001-244-990-0401,"17330 Brandon Corner Apt. 072, Lake Shanetown, ID 10527",Germany
170,Vincent Mccall,johnsonlacey@example.com,+1-297-445-1067x559,"261 Hicks Tunnel, North Theresaburgh, GA 99492",Burundi
171,Brandon Le,lisacaldwell@example.net,001-667-312-4526x273,"3884 Kristen Port Suite 165, East Kevin, CA 14763",Bolivia
172,Lauren Burch,duane33@example.com,(508)371-9042,"261 Hicks Tunnel, North Theresaburgh, GA 99492",USA
173,Jessica Jones,kennedydouglas@example.com,+1-758-578-8333x570,"156 Simmons Field, Jontown, OK 94980",Turks and Caicos Islands
174,Elizabeth Gray,thomasmanning@example.com,538-284-3333,"8922 Matthew Squares, West Randall, CO 02552",Turks and Caicos Islands
175,Christopher Wilson,joseph28@example.org,+1-236-836-9744x2086,"PSC 2779, Box 0551, APO AE 22384",Canada
176,Andrea Pace,johnsonlacey@example.com,+1-297-445-1067x559,"11241 Castro Pike, South Stephenland, MN 76778",Sweden
177,Steven Lucas,kennedydouglas@example.com,(291)334-3524x59992,"05110 Shawn Cliff, New Kelly, UT 93014",Uruguay
178,Steven Lucas,johnsonlacey@example.com,+1-986-224-5210x1547,"3450 Lopez Alley Apt. 600, Gravesburgh, MS 99001",Rwanda
179,Kristen Lee,morenoalyssa@example.net,426-309-5947,"9511 Adams Ramp Apt. 470, West Jonathan, IL 92318",Germany
180,Suzanne Burns,johnsonlacey@example.com,+1-295-363-9178,"PSC 2779, Box 0551, APO AE 22384",Uruguay
181,Barbara Weber,lisacaldwell@example.net,001-403-757-1987x9936,"87022 Johnson Shoal, New William, MN 25189",Sweden
182,Alexis Noble,michael65@example.net,921-892-4496x00069,"87022 Johnson Shoal, New William, MN 25189",Turks and Caicos Islands
183,Jacob Li,ryangonzalez@example.com,001-667-312-4526x273,"83704 William Lane, Brandonmouth, VA 24275",Uruguay
184,Douglas Mathis,ryanblack@example.org,(291)334-3524x59992,"518 Ferguson Corners, Julieland, HI 51861",Rwanda
185,Alexis Smith,molinashawn@example.net,001-258-446-6612x46420,"2640 Rogers Stream Apt. 291, South Laurietown, HI 25441",Germany
186,Dylan Chapman,amyspencer@example.org,+1-758-578-8333x570,"USNS Watts, FPO AA 12940",United States Virgin Islands
187,Timothy Hudson,gordonbrianna@example.net,+1-236-836-9744x2086,"0323 Bell Roads Suite 146, Katelynmouth, LA 82367",Marshall Islands
188,Michelle Romero,bwright@example.com,410.352.4931x367,"008 Singh Mount, Maryville, MH 32813",Burundi
189,Jason Clark,victor94@example.net,(356)529-1843x40581,"11241 Castro Pike, South Stephenland, MN 76778",Bolivia
190,Krista Reed,tammy74@example.org,(546)754-6997x6288,"98705 John Ridge Suite 589, Greenburgh, PW 43873",Turks and Caicos Islands
191,Dustin Tran,molinashawn@example.net,404-443-0141x37488,"9511 Adams Ramp Apt. 470, West Jonathan, IL 92318",Turks and Caicos Islands
192,Marc Kirby,lisacaldwell@example.net,+1-961-417-9958,"518 Ferguson Corners, Julieland, HI 51861",Rwanda
193,William Juarez DVM,michael65@example.net,5308428788,"8922 Matthew Squares, West Randall, CO 02552",USA
194,Thomas Pugh,gordonbrianna@example.net,404-443-0141x37488,"05110 Shawn Cliff, New Kelly, UT 93014",Canada
195,Melissa Bailey,xvega@example.com,410.352.4931x367,"PSC 2521, Box 6068, APO AA 82230",Marshall Islands
196,Robert Jackson,camachodanielle@example.net,001-317-987-8721x2167,"3450 Lopez Alley Apt. 600, Gravesburgh, MS 99001",Turks and Caicos Islands
197,Christopher Wilson,gregorytara@example.org,001-258-446-6612x46420,"05110 Shawn Cliff, New Kelly, UT 93014",Uruguay
198,William Hopkins,michael65@example.net,2855259524,"261 Hicks Tunnel, North Theresaburgh, GA 99492",Falkland Islands (Malvinas)
199,Thomas Pugh,moorechad@example.com,+1-986-224-5210x1547,"83704 William Lane, Brandonmouth, VA 24275",Germany
200,Jeffrey Li,gordonbrianna@example.net,5563545910,"792 Jeffrey Rest, Paulville, NV 73800",Rwanda
201,Daniel Nelson MD,ryanblack@example.org,(508)371-9042,"98705 John Ridge Suite 589, Greenburgh, PW 43873",Germany
202,Sarah Li,molinashawn@example.net,860.781.1056x058,"USNS Watts, FPO AA 12940",Marshall Islands
203,Kristen Lee,xvega@example.com,659-432-8537x00214,"156 Simmons Field, Jontown, OK 94980",United States Virgin Islands
204,Brenda Rocha,butlerashley@example.com,001-403-757-1987x9936,"51461 Hayes Crossing, Montgomeryburgh, ID 91795",Burundi
205,Ashley Armstrong,bwright@example.com,001-258-446-6612x46420,"77542 Everett Ways, Candiceside, SD 06872",Marshall Islands
206,Susan Alvarez,tammy74@example.org,921-892-4496x00069,"11241 Castro Pike, South Stephenland, MN 76778",Sweden
207,Cody Kelley,butlerashley@example.com,+1-961-417-9958,"8922 Matthew Squares, West Randall, CO 02552",Rwanda
208,Ana Thomas,ryangonzalez@example.com,921-892-4496x00069,"USNS Watts, FPO AA 12940",Falkland Islands (Malvinas)
209,Lauren Jones,michael65@example.net,921-892-4496x00069,"11241 Castro Pike, South Stephenland, MN 76778",Sweden
210,Joseph Forbes,butlerashley@example.com,860.781.1056x058,"792 Jeffrey Rest, Paulville, NV 73800",Sweden
211,Scott Carroll,gregorytara@example.org,921-892-4496x00069,"87022 Johnson Shoal, New William, MN 25189",Falkland Islands (Malvinas)
212,Patricia Green,tammy74@example.org,+1-297-445-1067x559,"0323 Bell Roads Suite 146, Katelynmouth, LA 82367",Bolivia
213,Gabrielle Duke,johnsonlacey@example.com,426-309-5947,"87022 Johnson Shoal, New William, MN 25189",Uruguay
214,Erin Page DDS,michael65@example.net,(356)529-1843x40581,"00969 Jeffrey Rest, New Melissa, IL 11605",USA
215,Xavier Williams,amyspencer@example.org,001-403-757-1987x9936,"7400 Pitts Manors, South Kevinside, MD 69709",USA
216,Jesse Moreno,kennedydouglas@example.com,001-244-990-0401,"156 Simmons Field, Jontown, OK 94980",Rwanda
217,Sara Garza,butlerashley@example.com,(546)754-6997x6288,"51461 Hayes Crossing, Montgomeryburgh, ID 91795",USA
218,Andrew Larsen,molinashawn@example.net,+1-297-445-1067x559,"77542 Everett Ways, Candiceside, SD 06872",Uruguay
219,John Woodard,gordonbrianna@example.net,001-403-757-1987x9936,"00969 Jeffrey Rest, New Melissa, IL 11605",Falkland Islands (Malvinas)
220,Jeremiah Mcguire,kennedydouglas@example.com,001-403-757-1987x9936,"77542 Everett Ways, Candiceside, SD 06872",Sweden
221,Angela Morales,morenoalyssa@example.net,(546)754-6997x6288,"6363 Craig Loaf Apt. 806, West Tammy, MH 53597",Bolivia
222,Alvin Turner,lisacaldwell@example.net,5563545910,"USNS Watts, FPO AA 12940",Bolivia
223,Edward Newman,bwright@example.com,(356)529-1843x40581,"USNS Watts, FPO AA 12940",United States Virgin Islands
224,Joe Garcia,gregorytara@example.org,5563545910,"7400 Pitts Manors, South Kevinside, MD 69709",Falkland Islands (Malvinas)
225,Denise Harvey,duane33@example.com,001-317-987-8721x2167,"3450 Lopez Alley Apt. 600, Gravesburgh, MS 99001",Burundi
226,Patricia Green,thomasmanning@example.com,659-432-8537x00214,"2640 Rogers Stream Apt. 291, South Laurietown, HI 25441",Burundi
227,Denise Harvey,lisacaldwell@example.net,(508)371-9042,"17330 Brandon Corner Apt. 072, Lake Shanetown, ID 10527",Marshall Islands
228,Laura Edwards,morenoalyssa@example.net,+1-297-445-1067x559,"69167 Johnson Manor Apt. 165, Port John, SC 14835",Sweden
229,Barry Frazier,morenoalyssa@example.net,(285)820-8417,"PSC 2779, Box 0551, APO AE 22384",Turks and Caicos Islands
230,Antonio Daniels,connie38@example.org,+1-295-363-9178,"9511 Adams Ramp Apt. 470, West Jonathan, IL 92318",Uruguay
231,William Juarez DVM,joseph28@example.org,+1-236-836-9744x2086,"00969 Jeffrey Rest, New Melissa, IL 11605",Burundi
232,Felicia Davis,eddie15@example.org,410.352.4931x367,"2640 Rogers Stream Apt. 291, South Laurietown, HI 25441",Sweden
233,Brandon Prince,amyspencer@example.org,921-892-4496x00069,"Unit 5425 Box 1276, DPO AP 05525",Sweden
234,David Chang,thomasmanning@example.com,+1-295-363-9178,"008 Singh Mount, Maryville, MH 32813",Falkland Islands (Malvinas)
235,Leonard Kelley,eric80@example.com,+1-236-836-9744x2086,"PSC 2521, Box 6068, APO AA 82230",Rwanda
236,Douglas Lewis,moorechad@example.com,+1-986-224-5210x1547,"77542 Everett Ways, Candiceside, SD 06872",Burundi
237,James Watts,angelafisher@example.net,860.781.1056x058,"792 Jeffrey Rest, Paulville, NV 73800",Canada
238,Brandi Lloyd,duane33@example.com,410.352.4931x367,"261 Hicks Tunnel, North Theresaburgh, GA 99492",Bolivia
239,Lisa White,sarah83@example.net,(508)371-9042,"156 Simmons Field, Jontown, OK 94980",Turks and Caicos Islands
240,Jennifer Stone,moorechad@example.com,860.781.1056x058,"008 Singh Mount, Maryville, MH 32813",Burundi
241,Angela Morales,angelafisher@example.net,+1-758-578-8333x570,"0323 Bell Roads Suite 146, Katelynmouth, LA 82367",Bolivia
242,Alexander Richards,sarah83@example.net,+1-427-664-8006x64456,"5295 Mark Circles, North Timothy, PW 08588",Marshall Islands
243,Gregory Reynolds,sarah83@example.net,538-284-3333,"05110 Shawn Cliff, New Kelly, UT 93014",USA
244,Jeffrey Booth,molinashawn@example.net,001-258-446-6612x46420,"05110 Shawn Cliff, New Kelly, UT 93014",United States Virgin Islands
245,Veronica Lara,eric80@example.com,(508)371-9042,"5295 Mark Circles, North Timothy, PW 08588",Turks and Caicos Islands
246,Karen Kim,duane33@example.com,+1-633-274-5125,"9619 Lynch Cliff Suite 471, New Steventown, NJ 78824",Bolivia
247,Shaun Robinson,gordonbrianna@example.net,410.352.4931x367,"792 Jeffrey Rest, Paulville, NV 73800",Germany
248,Gary Norton,eddie15@example.org,659-432-8537x00214,"156 Simmons Field, Jontown, OK 94980",Bolivia
249,Daniel Bowers,sarah83@example.net,001-244-990-0401,"USNS Watts, FPO AA 12940",Turks and Caicos Islands
250,Leonard Kelley,victor94@example.net,(508)371-9042,"51461 Hayes Crossing, Montgomeryburgh, ID 91795",Bolivia
251,Jamie Smith,amyspencer@example.org,5563545910,"69167 Johnson Manor Apt. 165, Port John, SC 14835",USA
252,Gina Mccullough,morenoalyssa@example.net,659-432-8537x00214,"261 Hicks Tunnel, North Theresaburgh, GA 99492",USA
253,Angela Hines,nashzachary@example.org,+1-295-363-9178,"008 Singh Mount, Maryville, MH 32813",United States Virgin Islands
254,Sheri Fitzgerald,molinashawn@example.net,001-244-990-0401,"9511 Adams Ramp Apt. 470, West Jonathan, IL 92318",Sweden
255,Linda Edwards,thomasmanning@example.com,+1-427-664-8006x64456,"PSC 2779, Box 0551, APO AE 22384",Marshall Islands
256,Erica Short,eddie15@example.org,001-667-312-4526x273,"05110 Shawn Cliff, New Kelly, UT 93014",Falkland Islands (Malvinas)
257,Rhonda Randall,tammy74@example.org,860.781.1056x058,"83704 William Lane, Brandonmouth, VA 24275",United States Virgin Islands
258,David Hernandez,vcollins@example.com,+1-986-224-5210x1547,"9511 Adams Ramp Apt. 470, West Jonathan, IL 92318",Canada
259,Gregory Huang,angelafisher@example.net,+1-758-578-8333x570,"7400 Pitts Manors, South Kevinside, MD 69709",Burundi
260,Gregory Huang,lisacaldwell@example.net,+1-236-836-9744x2086,"Unit 5425 Box 1276, DPO AP 05525",Uruguay
261,Cameron Reid,gregorytara@example.org,426-309-5947,"11241 Castro Pike, South Stephenland, MN 76778",United States Virgin Islands
262,Jason Powers,molinashawn@example.net,+1-295-363-9178,"69167 Johnson Manor Apt. 165, Port John, SC 14835",Germany
263,Diane Wood,angelafisher@example.net,001-317-987-8721x2167,"PSC 2779, Box 0551, APO AE 22384",Sweden
264,John Woodard,angelafisher@example.net,760.875.6448x4442,"6363 Craig Loaf Apt. 806, West Tammy, MH 53597",Turks and Caicos Islands
265,Paul Anderson,butlerashley@example.com,+1-633-274-5125,"USNS Watts, FPO AA 12940",Turks and Caicos Islands
266,Ashley Wright,lisacaldwell@example.net,(508)371-9042,"98705 John Ridge Suite 589, Greenburgh, PW 43873",Bolivia
267,Betty Griffith,johnsonlacey@example.com,(356)529-1843x40581,"51461 Hayes Crossing, Montgomeryburgh, ID 91795",United States Virgin Islands
268,Marissa Pugh,bwright@example.com,(285)820-8417,"00969 Jeffrey Rest, New Melissa, IL 11605",Germany
269,John Stewart,victor94@example.net,521-333-0306x463,"008 Singh Mount, Maryville, MH 32813",United States Virgin Islands
270,Scott Carroll,ryanblack@example.org,(508)371-9042,"83704 William Lane, Brandonmouth, VA 24275",Burundi
271,John Cortez,victor94@example.net,+1-297-445-1067x559,"PSC 2779, Box 0551, APO AE 22384",Falkland Islands (Malvinas)
272,Nicole Martinez,victor94@example.net,001-244-990-0401,"5295 Mark Circles, North Timothy, PW 08588",Falkland Islands (Malvinas)
273,Gina Ellis,joseph28@example.org,5563545910,"USNS Watts, FPO AA 12940",Turks and Caicos Islands
274,Betty Griffith,victor94@example.net,2855259524,"518 Ferguson Corners, Julieland, HI 51861",Rwanda
275,Mr. Jacob Villanueva,nashzachary@example.org,659-432-8537x00214,"Unit 5425 Box 1276, DPO AP 05525",Germany
276,Mark Johnson,victor94@example.net,2855259524,"87022 Johnson Shoal, New William, MN 25189",Rwanda
277,Seth Parker,johnsonlacey@example.com,2855259524,"77542 Everett Ways, Candiceside, SD 06872",United States Virgin Islands
278,Jeffrey Henson,connie38@example.org,5563545910,"261 Hicks Tunnel, North Theresaburgh, GA 99492",Canada
279,Debbie Mcdowell,morenoalyssa@example.net,760.875.6448x4442,"87022 Johnson Shoal, New William, MN 25189",Rwanda
280,Jordan Freeman,angelafisher@example.net,+1-758-578-8333x570,"792 Jeffrey Rest, Paulville, NV 73800",Turks and Caicos Islands
281,Mary Macdonald,ryangonzalez@example.com,+1-427-664-8006x64456,"05110 Shawn Cliff, New Kelly, UT 93014",Marshall Islands
282,Erica Short,bwright@example.com,001-403-757-1987x9936,"69167 Johnson Manor Apt. 165, Port John, SC 14835",Bolivia
283,Amber Allen,lisacaldwell@example.net,+1-297-445-1067x559,"518 Ferguson Corners, Julieland, HI 51861",Burundi
284,Hunter Miller,xvega@example.com,001-403-757-1987x9936,"8922 Matthew Squares, West Randall, CO 02552",Germany
285,William Brooks,molinashawn@example.net,+1-986-224-5210x1547,"5295 Mark Circles, North Timothy, PW 08588",Turks and Caicos Islands
286,Amber Hernandez MD,morenoalyssa@example.net,760.875.6448x4442,"69167 Johnson Manor Apt. 165, Port John, SC 14835",Falkland Islands (Malvinas)
287,Thomas Miller,johnsonlacey@example.com,+1-236-836-9744x2086,"0323 Bell Roads Suite 146, Katelynmouth, LA 82367",Marshall Islands
288,Natalie Ali,duane33@example.com,2855259524,"9511 Adams Ramp Apt. 470, West Jonathan, IL 92318",United States Virgin Islands
289,Xavier Williams,michael65@example.net,760.875.6448x4442,"9619 Lynch Cliff Suite 471, New Steventown, NJ 78824",Turks and Caicos Islands
290,Albert Brewer,camachodanielle@example.net,(356)529-1843x40581,"00969 Jeffrey Rest, New Melissa, IL 11605",Sweden
291,Mr. Mark Conner II,williamslisa@example.org,404-443-0141x37488,"156 Simmons Field, Jontown, OK 94980",Uruguay
292,Kathryn Walsh,moorechad@example.com,860.781.1056x058,"98705 John Ridge Suite 589, Greenburgh, PW 43873",Rwanda
293,Joshua Fisher,victor94@example.net,(285)820-8417,"05110 Shawn Cliff, New Kelly, UT 93014",Germany
294,Jessica Fields,lisacaldwell@example.net,+1-427-664-8006x64456,"518 Ferguson Corners, Julieland, HI 51861",Germany
295,Gregory Carlson,vcollins@example.com,404-443-0141x37488,"05110 Shawn Cliff, New Kelly, UT 93014",Turks and Caicos Islands
296,Paul Young,vcollins@example.com,860.781.1056x058,"8922 Matthew Squares, West Randall, CO 02552",USA
297,Stephanie Mcdaniel,johnsonlacey@example.com,760.875.6448x4442,"6363 Craig Loaf Apt. 806, West Tammy, MH 53597",Sweden
298,Luis Walker,gordonbrianna@example.net,2855259524,"USNS Watts, FPO AA 12940",Uruguay
299,Sue Hoffman,butlerashley@example.com,+1-986-224-5210x1547,"17330 Brandon Corner Apt. 072, Lake Shanetown, ID 10527",Uruguay
300,Thomas Rhodes,butlerashley@example.com,(291)334-3524x59992,"5295 Mark Circles, North Timothy, PW 08588",Marshall Islands
301,James White,williamslisa@example.org,001-244-990-0401,"0323 Bell Roads Suite 146, Katelynmouth, LA 82367",Canada
302,Amy Turner,williamslisa@example.org,+1-961-417-9958,"3884 Kristen Port Suite 165, East Kevin, CA 14763",Sweden
303,Christopher Taylor,lisacaldwell@example.net,+1-427-664-8006x64456,"51461 Hayes Crossing, Montgomeryburgh, ID 91795",Germany
304,Dylan Allen,angelafisher@example.net,+1-427-664-8006x64456,"5295 Mark Circles, North Timothy, PW 08588",Uruguay
305,Kristie Campbell,xvega@example.com,+1-758-578-8333x570,"9619 Lynch Cliff Suite 471, New Steventown, NJ 78824",USA
306,Shawn Torres,gregorytara@example.org,5563545910,"0323 Bell Roads Suite 146, Katelynmouth, LA 82367",Burundi
307,Michael Fleming,morenoalyssa@example.net,(546)754-6997x6288,"9619 Lynch Cliff Suite 471, New Steventown, NJ 78824",United States Virgin Islands
308,Brenda Mitchell,angelafisher@example.net,404-443-0141x37488,"77542 Everett Ways, Candiceside, SD 06872",Falkland Islands (Malvinas)
309,Tracy Phillips,sarah83@example.net,+1-986-224-5210x1547,"9511 Adams Ramp Apt. 470, West Jonathan, IL 92318",Bolivia
310,Monica Pierce,morenoalyssa@example.net,921-892-4496x00069,"17330 Brandon Corner Apt. 072, Lake Shanetown, ID 10527",USA
311,Susan Alvarez,duane33@example.com,+1-427-664-8006x64456,"51461 Hayes Crossing, Montgomeryburgh, ID 91795",United States Virgin Islands
312,Nicole Campbell,amyspencer@example.org,(291)334-3524x59992,"2640 Rogers Stream Apt. 291, South Laurietown, HI 25441",United States Virgin Islands
313,Brian Barajas,amyspencer@example.org,(508)371-9042,"9619 Lynch Cliff Suite 471, New Steventown, NJ 78824",Germany
314,Victor Galloway,michael65@example.net,659-432-8537x00214,"Unit 5425 Box 1276, DPO AP 05525",United States Virgin Islands
315,Amy Turner,sarah83@example.net,(356)529-1843x40581,"8922 Matthew Squares, West Randall, CO 02552",Marshall Islands
316,Tiffany Macias,williamslisa@example.org,+1-633-274-5125,"518 Ferguson Corners, Julieland, HI 51861",Sweden
317,Gregory Taylor DDS,joseph28@example.org,760.875.6448x4442,"87022 Johnson Shoal, New William, MN 25189",Bolivia
318,Mark Johnson,johnsonlacey@example.com,001-667-312-4526x273,"3450 Lopez Alley Apt. 600, Gravesburgh, MS 99001",Burundi
319,Sherri Collins,gordonbrianna@example.net,760.875.6448x4442,"2640 Rogers Stream Apt. 291, South Laurietown, HI 25441",Burundi
320,Kristen Lee,johnsonlacey@example.com,5308428788,"69167 Johnson Manor Apt. 165, Port John, SC 14835",Germany
321,James White,ryangonzalez@example.com,5308428788,"05110 Shawn Cliff, New Kelly, UT 93014",Bolivia
322,Shannon Boyer,nashzachary@example.org,001-403-757-1987x9936,"3884 Kristen Port Suite 165, East Kevin, CA 14763",Uruguay
323,Lisa White,angelafisher@example.net,921-892-4496x00069,"Unit 5425 Box 1276, DPO AP 05525",Burundi
324,Angela Perez,xvega@example.com,860.781.1056x058,"Unit 5425 Box 1276, DPO AP 05525",United States Virgin Islands
325,Joshua Rodriguez,lisacaldwell@example.net,5563545910,"0323 Bell Roads Suite 146, Katelynmouth, LA 82367",Uruguay
326,Kelly Harris,eric80@example.com,+1-961-417-9958,"USNS Watts, FPO AA 12940",Marshall Islands
327,Roy Wolfe,eric80@example.com,+1-295-363-9178,"5295 Mark Circles, North Timothy, PW 08588",Burundi
328,Joel Gonzalez,amyspencer@example.org,+1-986-224-5210x1547,"PSC 2521, Box 6068, APO AA 82230",Falkland Islands (Malvinas)
329,Bradley Sullivan MD,vcollins@example.com,+1-295-363-9178,"11241 Castro Pike, South Stephenland, MN 76778",Falkland Islands (Malvinas)
330,Steven Martinez,thomasmanning@example.com,001-258-446-6612x46420,"00969 Jeffrey Rest, New Melissa, IL 11605",United States Virgin Islands
331,Gregory Carlson,gregorytara@example.org,001-258-446-6612x46420,"3450 Lopez Alley Apt. 600, Gravesburgh, MS 99001",Turks and Caicos Islands
332,Suzanne Burns,duane33@example.com,001-244-990-0401,"69167 Johnson Manor Apt. 165, Port John, SC 14835",Germany
333,Michelle Romero,xvega@example.com,001-667-312-4526x273,"5295 Mark Circles, North Timothy, PW 08588",Falkland Islands (Malvinas)
334,Melinda Eaton,williamslisa@example.org,538-284-3333,"7400 Pitts Manors, South Kevinside, MD 69709",Bolivia
335,Laura Edwards,lisacaldwell@example.net,001-403-757-1987x9936,"9511 Adams Ramp Apt. 470, West Jonathan, IL 92318",Bolivia
336,Natalie Ali,eric80@example.com,001-317-987-8721x2167,"87022 Johnson Shoal, New William, MN 25189",Canada
337,David Hill,gordonbrianna@example.net,+1-758-578-8333x570,"05110 Shawn Cliff, New Kelly, UT 93014",Turks and Caicos Islands
338,Thomas Miller,gregorytara@example.org,538-284-3333,"9511 Adams Ramp Apt. 470, West Jonathan, IL 92318",Falkland Islands (Malvinas)
339,Martha Blackburn,morenoalyssa@example.net,(508)371-9042,"8922 Matthew Squares, West Randall, CO 02552",Germany
340,Cassidy Hickman,butlerashley@example.com,426-309-5947,"7400 Pitts Manors, South Kevinside, MD 69709",United States Virgin Islands
341,Joshua Burke,kennedydouglas@example.com,5308428788,"Unit 5425 Box 1276, DPO AP 05525",Turks and Caicos Islands
342,Thomas Williams,angelafisher@example.net,+1-961-417-9958,"3450 Lopez Alley Apt. 600, Gravesburgh, MS 99001",Uruguay
343,Lauren Jones,ryangonzalez@example.com,5563545910,"PSC 2779, Box 0551, APO AE 22384",Burundi
344,Kenneth Campbell,angelafisher@example.net,+1-236-836-9744x2086,"51461 Hayes Crossing, Montgomeryburgh, ID 91795",Uruguay
345,Lisa Gonzalez,johnsonlacey@example.com,(356)529-1843x40581,"05110 Shawn Cliff, New Kelly, UT 93014",USA
346,Alexander Davis,gregorytara@example.org,921-892-4496x00069,"98705 John Ridge Suite 589, Greenburgh, PW 43873",Turks and Caicos Islands
347,Monica Pierce,michael65@example.net,+1-633-274-5125,"98705 John Ridge Suite 589, Greenburgh, PW 43873",Bolivia
348,Michelle Leon,joseph28@example.org,538-284-3333,"3450 Lopez Alley Apt. 600, Gravesburgh, MS 99001",Germany
349,Angela Burton,amyspencer@example.org,+1-961-417-9958,"261 Hicks Tunnel, North Theresaburgh, GA 99492",Turks and Caicos Islands
350,Susan Jordan,bwright@example.com,001-317-987-8721x2167,"5295 Mark Circles, North Timothy, PW 08588",Uruguay
351,Kristy Reid,xvega@example.com,+1-986-224-5210x1547,"17330 Brandon Corner Apt. 072, Lake Shanetown, ID 10527",United States Virgin Islands
352,Jessica Fields,molinashawn@example.net,+1-758-578-8333x570,"792 Jeffrey Rest, Paulville, NV 73800",United States Virgin Islands
353,Tracy Hunter,ryangonzalez@example.com,521-333-0306x463,"5295 Mark Circles, North Timothy, PW 08588",Germany
354,Rachel Spencer,victor94@example.net,001-244-990-0401,"17330 Brandon Corner Apt. 072, Lake Shanetown, ID 10527",USA
355,Maria Chan,connie38@example.org,659-432-8537x00214,"156 Simmons Field, Jontown, OK 94980",Bolivia
356,Gregory Carlson,gregorytara@example.org,001-317-987-8721x2167,"17330 Brandon Corner Apt. 072, Lake Shanetown, ID 10527",Uruguay
357,Taylor Parks,connie38@example.org,+1-427-664-8006x64456,"00969 Jeffrey Rest, New Melissa, IL 11605",Sweden
358,Mike Cole,moorechad@example.com,538-284-3333,"98705 John Ridge Suite 589, Greenburgh, PW 43873",USA
359,Angela Hines,sarah83@example.net,5563545910,"5295 Mark Circles, North Timothy, PW 08588",Uruguay
360,Sarah Li,eric80@example.com,5563545910,"518 Ferguson Corners, Julieland, HI 51861",Turks and Caicos Islands
361,Justin Thomas,duane33@example.com,+1-986-224-5210x1547,"51461 Hayes Crossing, Montgomeryburgh, ID 91795",Rwanda
362,Joseph Mason,ryangonzalez@example.com,(508)371-9042,"00969 Jeffrey Rest, New Melissa, IL 11605",Bolivia
363,Lori Boyer,tammy74@example.org,(285)820-8417,"518 Ferguson Corners, Julieland, HI 51861",Bolivia
364,John Spencer,camachodanielle@example.net,(546)754-6997x6288,"3450 Lopez Alley Apt. 600, Gravesburgh, MS 99001",Bolivia
365,Karen Kim,duane33@example.com,001-403-757-1987x9936,"05110 Shawn Cliff, New Kelly, UT 93014",Rwanda
366,Brian Lutz,kennedydouglas@example.com,+1-633-274-5125,"6363 Craig Loaf Apt. 806, West Tammy, MH 53597",Marshall Islands
367,Sharon Castillo,lisacaldwell@example.net,(508)371-9042,"7400 Pitts Manors, South Kevinside, MD 69709",Rwanda
368,Nicole Gonzalez,gregorytara@example.org,+1-236-836-9744x2086,"51461 Hayes Crossing, Montgomeryburgh, ID 91795",Rwanda
369,Mark Johnson,eric80@example.com,2855259524,"5295 Mark Circles, North Timothy, PW 08588",Canada
370,Laurie Shaw,april58@example.com,+1-986-224-5210x1547,"3884 Kristen Port Suite 165, East Kevin, CA 14763",United States Virgin Islands
371,Kathleen Weaver,vcollins@example.com,404-443-0141x37488,"3450 Lopez Alley Apt. 600, Gravesburgh, MS 99001",Canada
372,Stephen Woods,butlerashley@example.com,(285)820-8417,"USNS Watts, FPO AA 12940",United States Virgin Islands
373,Brenda Mitchell,morenoalyssa@example.net,404-443-0141x37488,"6363 Craig Loaf Apt. 806, West Tammy, MH 53597",Germany
374,Tracy Harris,thomasmanning@example.com,(508)371-9042,"008 Singh Mount, Maryville, MH 32813",Turks and Caicos Islands
375,Leah Coleman,johnsonlacey@example.com,(291)334-3524x59992,"00969 Jeffrey Rest, New Melissa, IL 11605",Burundi
376,John Martin,vcollins@example.com,+1-758-578-8333x570,"11241 Castro Pike, South Stephenland, MN 76778",Sweden
377,Jennifer Kim,sarah83@example.net,(291)334-3524x59992,"5295 Mark Circles, North Timothy, PW 08588",Rwanda
378,Courtney Miller,williamslisa@example.org,538-284-3333,"PSC 2521, Box 6068, APO AA 82230",Canada
379,John Cortez,eric80@example.com,+1-297-445-1067x559,"0323 Bell Roads Suite 146, Katelynmouth, LA 82367",Rwanda
380,Alexander Davis,ryanblack@example.org,+1-961-417-9958,"3450 Lopez Alley Apt. 600, Gravesburgh, MS 99001",United States Virgin Islands
381,Leonard Kelley,april58@example.com,+1-986-224-5210x1547,"05110 Shawn Cliff, New Kelly, UT 93014",Rwanda
382,Brenda Mitchell,williamslisa@example.org,(508)371-9042,"792 Jeffrey Rest, Paulville, NV 73800",Uruguay
383,Amanda Walton,molinashawn@example.net,001-667-312-4526x273,"69167 Johnson Manor Apt. 165, Port John, SC 14835",Turks and Caicos Islands
384,Mike Cole,victor94@example.net,659-432-8537x00214,"5295 Mark Circles, North Timothy, PW 08588",Burundi
385,Dylan Allen,victor94@example.net,(285)820-8417,"261 Hicks Tunnel, North Theresaburgh, GA 99492",Rwanda
386,Dorothy Bryant,xvega@example.com,(285)820-8417,"83704 William Lane, Brandonmouth, VA 24275",Marshall Islands
387,David Bond,bwright@example.com,860.781.1056x058,"518 Ferguson Corners, Julieland, HI 51861",Marshall Islands
388,Rhonda Williams,thomasmanning@example.com,538-284-3333,"7400 Pitts Manors, South Kevinside, MD 69709",Uruguay
389,Sara Clark,sarah83@example.net,659-432-8537x00214,"69167 Johnson Manor Apt. 165, Port John, SC 14835",USA
390,Brenda Rocha,butlerashley@example.com,2855259524,"8922 Matthew Squares, West Randall, CO 02552",Sweden
391,Logan Taylor,moorechad@example.com,404-443-0141x37488,"156 Simmons Field, Jontown, OK 94980",Canada
392,Angela Morales,bwright@example.com,410.352.4931x367,"69167 Johnson Manor Apt. 165, Port John, SC 14835",Germany
393,Mary Macdonald,victor94@example.net,5563545910,"69167 Johnson Manor Apt. 165, Port John, SC 14835",United States Virgin Islands
394,Michael Rubio,victor94@example.net,760.875.6448x4442,"583 Estrada Valley, Rayberg, MH 82801",Marshall Islands
395,Cody Kelley,molinashawn@example.net,521-333-0306x463,"8922 Matthew Squares, West Randall, CO 02552",Bolivia
396,Joseph Mason,ryanblack@example.org,+1-633-274-5125,"17330 Brandon Corner Apt. 072, Lake Shanetown, ID 10527",Falkland Islands (Malvinas)
397,Amanda Hurst,johnsonlacey@example.com,5563545910,"83704 William Lane, Brandonmouth, VA 24275",Uruguay
398,Christopher Harris,morenoalyssa@example.net,5308428788,"PSC 2521, Box 6068, APO AA 82230",Rwanda
399,Michelle Rivera,victor94@example.net,001-317-987-8721x2167,"6363 Craig Loaf Apt. 806, West Tammy, MH 53597",Marshall Islands
400,William Lopez,eric80@example.com,(285)820-8417,"PSC 2779, Box 0551, APO AE 22384",Canada
401,Lori Boyer,lisacaldwell@example.net,521-333-0306x463,"00969 Jeffrey Rest, New Melissa, IL 11605",United States Virgin Islands
402,Ashley Armstrong,eric80@example.com,921-892-4496x00069,"98705 John Ridge Suite 589, Greenburgh, PW 43873",Burundi
403,Brandon Prince,victor94@example.net,+1-961-417-9958,"83704 William Lane, Brandonmouth, VA 24275",USA
404,Kristy Reid,johnsonlacey@example.com,2855259524,"518 Ferguson Corners, Julieland, HI 51861",USA
405,Mr. Ronald Anderson,kennedydouglas@example.com,426-309-5947,"05110 Shawn Cliff, New Kelly, UT 93014",Canada
406,Roy Brandt,michael65@example.net,521-333-0306x463,"USNS Watts, FPO AA 12940",Canada
407,Christina Sheppard,camachodanielle@example.net,5563545910,"7400 Pitts Manors, South Kevinside, MD 69709",Germany
408,Jennifer Anderson,ryangonzalez@example.com,001-667-312-4526x273,"583 Estrada Valley, Rayberg, MH 82801",Burundi
409,Alexandra Mitchell,amyspencer@example.org,659-432-8537x00214,"00969 Jeffrey Rest, New Melissa, IL 11605",Sweden
410,Christopher Wilson,lisacaldwell@example.net,+1-295-363-9178,"83704 William Lane, Brandonmouth, VA 24275",Germany
411,Donna Raymond,moorechad@example.com,426-309-5947,"6363 Craig Loaf Apt. 806, West Tammy, MH 53597",Canada
412,David Brady,april58@example.com,521-333-0306x463,"9511 Adams Ramp Apt. 470, West Jonathan, IL 92318",USA
413,Andrew Reed,vcollins@example.com,001-258-446-6612x46420,"792 Jeffrey Rest, Paulville, NV 73800",Turks and Caicos Islands
414,Michael Rubio,duane33@example.com,+1-236-836-9744x2086,"5295 Mark Circles, North Timothy, PW 08588",Marshall Islands
415,Crystal Jones,joseph28@example.org,+1-427-664-8006x64456,"5295 Mark Circles, North Timothy, PW 08588",Uruguay
416,Gregory Taylor DDS,eric80@example.com,+1-297-445-1067x559,"792 Jeffrey Rest, Paulville, NV 73800",Canada
417,Barbara Weber,duane33@example.com,5563545910,"PSC 2779, Box 0551, APO AE 22384",Bolivia
418,Jacob Rich,victor94@example.net,659-432-8537x00214,"156 Simmons Field, Jontown, OK 94980",Uruguay
419,Antonio Daniels,ryangonzalez@example.com,404-443-0141x37488,"69167 Johnson Manor Apt. 165, Port John, SC 14835",United States Virgin Islands
420,Jamie Schroeder,joseph28@example.org,521-333-0306x463,"9511 Adams Ramp Apt. 470, West Jonathan, IL 92318",Uruguay
421,John Hill,moorechad@example.com,001-258-446-6612x46420,"008 Singh Mount, Maryville, MH 32813",Falkland Islands (Malvinas)
422,Brenda Lewis,bwright@example.com,+1-236-836-9744x2086,"8922 Matthew Squares, West Randall, CO 02552",Canada
423,Joshua Taylor,michael65@example.net,+1-633-274-5125,"17330 Brandon Corner Apt. 072, Lake Shanetown, ID 10527",Sweden
424,Richard Frye,angelafisher@example.net,2855259524,"83704 William Lane, Brandonmouth, VA 24275",USA
425,Glenn Chambers,victor94@example.net,+1-758-578-8333x570,"11241 Castro Pike, South Stephenland, MN 76778",Germany
426,Ruth West,camachodanielle@example.net,001-403-757-1987x9936,"7400 Pitts Manors, South Kevinside, MD 69709",Canada
427,Cameron Reid,vcollins@example.com,+1-961-417-9958,"2640 Rogers Stream Apt. 291, South Laurietown, HI 25441",Marshall Islands
428,Nathan Lopez,amyspencer@example.org,(508)371-9042,"Unit 5425 Box 1276, DPO AP 05525",Turks and Caicos Islands
429,John Brandt,ryanblack@example.org,410.352.4931x367,"17330 Brandon Corner Apt. 072, Lake Shanetown, ID 10527",USA
430,Suzanne Burns,nashzachary@example.org,001-403-757-1987x9936,"87022 Johnson Shoal, New William, MN 25189",United States Virgin Islands
431,Gregory Reynolds,michael65@example.net,+1-427-664-8006x64456,"7400 Pitts Manors, South Kevinside, MD 69709",Uruguay
432,Thomas Williams,williamslisa@example.org,860.781.1056x058,"17330 Brandon Corner Apt. 072, Lake Shanetown, ID 10527",United States Virgin Islands
433,Kathryn Walsh,camachodanielle@example.net,760.875.6448x4442,"Unit 5425 Box 1276, DPO AP 05525",Uruguay
434,Richard Smith,nashzachary@example.org,+1-986-224-5210x1547,"156 Simmons Field, Jontown, OK 94980",Burundi
435,Jasmine Anderson,april58@example.com,+1-986-224-5210x1547,"51461 Hayes Crossing, Montgomeryburgh, ID 91795",Turks and Caicos Islands
436,Kenneth Lewis,thomasmanning@example.com,001-403-757-1987x9936,"7400 Pitts Manors, South Kevinside, MD 69709",Sweden
437,Matthew Young,vcollins@example.com,404-443-0141x37488,"5295 Mark Circles, North Timothy, PW 08588",Germany
438,Joshua Williams,ryanblack@example.org,+1-236-836-9744x2086,"69167 Johnson Manor Apt. 165, Port John, SC 14835",USA
439,Ryan Stark,morenoalyssa@example.net,(508)371-9042,"PSC 2521, Box 6068, APO AA 82230",United States Virgin Islands
440,David Chang,williamslisa@example.org,2855259524,"69167 Johnson Manor Apt. 165, Port John, SC 14835",Sweden
441,Melissa Leach,april58@example.com,521-333-0306x463,"PSC 2779, Box 0551, APO AE 22384",Germany
442,Joshua Mcpherson,moorechad@example.com,+1-297-445-1067x559,"51461 Hayes Crossing, Montgomeryburgh, ID 91795",Rwanda
443,Glenn Chambers,bwright@example.com,(356)529-1843x40581,"5295 Mark Circles, North Timothy, PW 08588",Germany
444,Joseph Jenkins,tammy74@example.org,426-309-5947,"17330 Brandon Corner Apt. 072, Lake Shanetown, ID 10527",United States Virgin Islands
445,Shawn Torres,vcollins@example.com,+1-758-578-8333x570,"11241 Castro Pike, South Stephenland, MN 76778",United States Virgin Islands
446,Kenneth Lewis,xvega@example.com,001-258-446-6612x46420,"05110 Shawn Cliff, New Kelly, UT 93014",Canada
447,Rachel Cohen,tammy74@example.org,001-317-987-8721x2167,"9619 Lynch Cliff Suite 471, New Steventown, NJ 78824",Germany
448,Amber Allen,butlerashley@example.com,(508)371-9042,"PSC 2779, Box 0551, APO AE 22384",USA
449,Christopher Ross,butlerashley@example.com,(291)334-3524x59992,"008 Singh Mount, Maryville, MH 32813",Bolivia
450,Carla Chase,thomasmanning@example.com,521-333-0306x463,"69167 Johnson Manor Apt. 165, Port John, SC 14835",Marshall Islands
451,Dawn Gutierrez,joseph28@example.org,5308428788,"5295 Mark Circles, North Timothy, PW 08588",USA
452,Sarah Rodriguez,butlerashley@example.com,+1-986-224-5210x1547,"008 Singh Mount, Maryville, MH 32813",Germany
453,Jamie Schroeder,eddie15@example.org,426-309-5947,"USNS Watts, FPO AA 12940",Falkland Islands (Malvinas)
454,Maria Coleman,sarah83@example.net,(291)334-3524x59992,"583 Estrada Valley, Rayberg, MH 82801",Burundi
455,Michael Harris,victor94@example.net,(285)820-8417,"8922 Matthew Squares, West Randall, CO 02552",Burundi
456,Ronald Schmidt,xvega@example.com,+1-961-417-9958,"17330 Brandon Corner Apt. 072, Lake Shanetown, ID 10527",Burundi
457,Tracy Phillips,ryangonzalez@example.com,+1-633-274-5125,"11241 Castro Pike, South Stephenland, MN 76778",Marshall Islands
458,Alice Horton,molinashawn@example.net,(356)529-1843x40581,"9619 Lynch Cliff Suite 471, New Steventown, NJ 78824",Sweden
459,Ryan Evans,moorechad@example.com,+1-961-417-9958,"156 Simmons Field, Jontown, OK 94980",Bolivia
460,Bianca Flores,kennedydouglas@example.com,001-403-757-1987x9936,"USNS Watts, FPO AA 12940",United States Virgin Islands
461,Jody Jones,williamslisa@example.org,659-432-8537x00214,"5295 Mark Circles, North Timothy, PW 08588",Germany
462,Ashley Armstrong,ryangonzalez@example.com,921-892-4496x00069,"156 Simmons Field, Jontown, OK 94980",USA
463,Angela Edwards,angelafisher@example.net,+1-236-836-9744x2086,"Unit 5425 Box 1276, DPO AP 05525",Turks and Caicos Islands
464,Lisa James,tammy74@example.org,(291)334-3524x59992,"9619 Lynch Cliff Suite 471, New Steventown, NJ 78824",Rwanda
465,Stephen Gonzales,kennedydouglas@example.com,+1-297-445-1067x559,"583 Estrada Valley, Rayberg, MH 82801",Sweden
466,Jennifer Anderson,molinashawn@example.net,760.875.6448x4442,"77542 Everett Ways, Candiceside, SD 06872",Bolivia
467,Alexis Noble,kennedydouglas@example.com,+1-295-363-9178,"261 Hicks Tunnel, North Theresaburgh, GA 99492",Uruguay
468,Justin Beasley,eric80@example.com,001-667-312-4526x273,"17330 Brandon Corner Apt. 072, Lake Shanetown, ID 10527",Germany
469,Jenna Reyes,gregorytara@example.org,001-403-757-1987x9936,"11241 Castro Pike, South Stephenland, MN 76778",United States Virgin Islands
470,Alexandra Mitchell,morenoalyssa@example.net,+1-986-224-5210x1547,"2640 Rogers Stream Apt. 291, South Laurietown, HI 25441",United States Virgin Islands
471,Dustin Tran,molinashawn@example.net,760.875.6448x4442,"3450 Lopez Alley Apt. 600, Gravesburgh, MS 99001",Canada
472,Seth Parker,gregorytara@example.org,404-443-0141x37488,"583 Estrada Valley, Rayberg, MH 82801",Uruguay
473,Colleen Webster,gregorytara@example.org,(508)371-9042,"98705 John Ridge Suite 589, Greenburgh, PW 43873",Turks and Caicos Islands
474,Robert Blake,eric80@example.com,410.352.4931x367,"77542 Everett Ways, Candiceside, SD 06872",Turks and Caicos Islands
475,James Patton,morenoalyssa@example.net,001-667-312-4526x273,"USNS Watts, FPO AA 12940",United States Virgin Islands
476,Dustin Tran,duane33@example.com,+1-758-578-8333x570,"11241 Castro Pike, South Stephenland, MN 76778",United States Virgin Islands
477,Alvin Turner,vcollins@example.com,404-443-0141x37488,"51461 Hayes Crossing, Montgomeryburgh, ID 91795",Rwanda
478,Kristin Scott,bwright@example.com,001-403-757-1987x9936,"98705 John Ridge Suite 589, Greenburgh, PW 43873",Marshall Islands
479,Stephanie Kline,eddie15@example.org,001-667-312-4526x273,"87022 Johnson Shoal, New William, MN 25189",Uruguay
480,Ana Santos,morenoalyssa@example.net,001-244-990-0401,"9511 Adams Ramp Apt. 470, West Jonathan, IL 92318",Burundi
481,Kevin Mcbride,angelafisher@example.net,+1-236-836-9744x2086,"2640 Rogers Stream Apt. 291, South Laurietown, HI 25441",Burundi
482,Rhonda Randall,tammy74@example.org,+1-986-224-5210x1547,"792 Jeffrey Rest, Paulville, NV 73800",Marshall Islands
483,Karen Kim,gordonbrianna@example.net,2855259524,"05110 Shawn Cliff, New Kelly, UT 93014",Falkland Islands (Malvinas)
484,Kim Berry,xvega@example.com,+1-427-664-8006x64456,"008 Singh Mount, Maryville, MH 32813",Turks and Caicos Islands
485,Christopher Moyer,gordonbrianna@example.net,860.781.1056x058,"008 Singh Mount, Maryville, MH 32813",Falkland Islands (Malvinas)
486,Kayla Barton,eddie15@example.org,(291)334-3524x59992,"3450 Lopez Alley Apt. 600, Gravesburgh, MS 99001",Germany
487,Edward Miller,tammy74@example.org,001-403-757-1987x9936,"83704 William Lane, Brandonmouth, VA 24275",USA
488,Brandi Lloyd,tammy74@example.org,521-333-0306x463,"518 Ferguson Corners, Julieland, HI 51861",Turks and Caicos Islands
489,Darin Lester,xvega@example.com,659-432-8537x00214,"77542 Everett Ways, Candiceside, SD 06872",Falkland Islands (Malvinas)
490,William Brooks,moorechad@example.com,001-317-987-8721x2167,"3884 Kristen Port Suite 165, East Kevin, CA 14763",Germany
491,Christopher Anderson,amyspencer@example.org,001-317-987-8721x2167,"98705 John Ridge Suite 589, Greenburgh, PW 43873",Germany
492,Cynthia Porter,angelafisher@example.net,001-403-757-1987x9936,"PSC 2521, Box 6068, APO AA 82230",Falkland Islands (Malvinas)
493,Pamela Pollard,molinashawn@example.net,001-258-446-6612x46420,"PSC 2779, Box 0551, APO AE 22384",Falkland Islands (Malvinas)
494,Melissa Bailey,johnsonlacey@example.com,(291)334-3524x59992,"USNS Watts, FPO AA 12940",Marshall Islands
495,Thomas Rhodes,amyspencer@example.org,+1-295-363-9178,"7400 Pitts Manors, South Kevinside, MD 69709",Sweden
496,Jessica Jones,lisacaldwell@example.net,426-309-5947,"008 Singh Mount, Maryville, MH 32813",Uruguay
497,Vickie Avery,camachodanielle@example.net,001-667-312-4526x273,"98705 John Ridge Suite 589, Greenburgh, PW 43873",Sweden
498,Lauren Jones,angelafisher@example.net,001-667-312-4526x273,"17330 Brandon Corner Apt. 072, Lake Shanetown, ID 10527",Falkland Islands (Malvinas)
499,Martha Blackburn,eddie15@example.org,2855259524,"9511 Adams Ramp Apt. 470, West Jonathan, IL 92318",Burundi
500,John Rhodes,ryangonzalez@example.com,(291)334-3524x59992,"00969 Jeffrey Rest, New Melissa, IL 11605",USA
